<?xml version="1.0" encoding="UTF-8"?>
<jcr:root xmlns:sling="http://sling.apache.org/jcr/sling/1.0" xmlns:jcr="http://www.jcp.org/jcr/1.0" xmlns:rep="internal"
    jcr:lastModified="{Date}2021-05-03T11:43:28.026Z"
    jcr:lastModifiedBy="MSZULC@ADOBE.COM"
    jcr:mixinTypes="[rep:AccessControllable]"
    jcr:primaryType="sling:OrderedFolder"
    imageProfile="/conf/global/settings/dam/adminui-extension/imageprofile/wknd-smartcrop">
    <AdobeStock_216674449.jpeg/>
    <AdobeStock_229314426.jpeg/>
    <AdobeStock_278158974.jpeg/>
    <AdobeStock_291214882.jpeg/>
    <AdobeStock_300806076.jpeg/>
    <AdobeStock_377206447.jpeg/>
    <jcr:content/>
    <rep:policy/>
    <AdobeStock_89092110.jpeg/>
    <AdobeStock_60011327.jpeg/>
    <AdobeStock_237694117.jpeg/>
    <AdobeStock_92029063.jpeg/>
    <AdobeStock_95844332.jpeg/>
    <AdobeStock_251986626.jpeg/>
    <AdobeStock_66522506.jpeg/>
    <AdobeStock_299033508.jpeg/>
    <AdobeStock_231527669.jpeg/>
    <AdobeStock_219158969.jpeg/>
    <AdobeStock_107312758.jpeg/>
    <AdobeStock_297513480.jpeg/>
    <AdobeStock_46444136.jpeg/>
    <AdobeStock_220164473.jpeg/>
    <AdobeStock_315992447.jpeg/>
    <AdobeStock_119326820.jpeg/>
    <AdobeStock_252932169.jpeg/>
    <AdobeStock_257944804.jpeg/>
    <AdobeStock_274451707.jpeg/>
    <AdobeStock_293818602.jpeg/>
    <AdobeStock_274341667.jpeg/>
    <AdobeStock_300756454.jpeg/>
    <AdobeStock_265268314.jpeg/>
    <AdobeStock_254763087.jpeg/>
    <AdobeStock_200869881.jpeg/>
    <AdobeStock_132188331.jpeg/>
    <AdobeStock_76323343.jpeg/>
    <AdobeStock_99925926.jpeg/>
    <AdobeStock_126626284.jpeg/>
    <AdobeStock_231253592.jpeg/>
    <AdobeStock_224180400.jpeg/>
    <AdobeStock_89169321.jpeg/>
    <AdobeStock_308033285.jpeg/>
    <AdobeStock_318577956.jpeg/>
    <AdobeStock_293592278.jpeg/>
    <AdobeStock_175006079.jpeg/>
    <AdobeStock_316026049.jpeg/>
    <AdobeStock_210151642.jpeg/>
    <AdobeStock_105076852.jpeg/>
    <AdobeStock_136862517.jpeg/>
    <AdobeStock_189107064.jpeg/>
    <AdobeStock_228904723.jpeg/>
    <AdobeStock_314258030.jpeg/>
    <AdobeStock_222065854.jpeg/>
    <AdobeStock_181778359.jpeg/>
    <AdobeStock_31135258.jpeg/>
    <AdobeStock_124297029.jpeg/>
    <AdobeStock_212860376.jpeg/>
    <AdobeStock_293896909.jpeg/>
    <AdobeStock_60373494.jpeg/>
    <AdobeStock_311302849.mov/>
    <AdobeStock_327075231.mov/>
    <AdobeStock_312691696.mov/>
</jcr:root>
